index,area,pop,sex,x_LDI_id_Updated_7July2011,x_ihme_health_system_access_19jul2011,year
0,BRN,134.169176085,male,2.38325801147,2.008594,1990.0
1,BRN,119.835243516,female,2.38325801147,2.008594,1990.0
2,BRN,184.844047563,male,2.00564808285,2.008594,2005.0
3,BRN,179.956356589,female,2.00564808285,2.008594,2005.0
4,BRN,202.418035428,male,,2.008594,2010.0
5,BRN,198.397016037,female,,2.008594,2010.0
6,JPN,60777.3897925,male,0.67666782674,2.008594,1990.0
7,JPN,63073.3036658,female,0.67666782674,2.008594,1990.0
8,JPN,62380.2858531,male,1.0030831448,2.008594,2005.0
9,JPN,65017.7361532,female,1.0030831448,2.008594,2005.0
10,JPN,62173.0311565,male,,2.008594,2010.0
11,JPN,64789.8358687,female,,2.008594,2010.0
12,KOR,21642.6267339,male,-0.0844993336956,2.008594,1990.0
13,KOR,21593.2090977,female,-0.0844993336956,2.008594,1990.0
14,KOR,23611.4495412,male,0.507744337815,2.008594,2005.0
15,KOR,23760.0388399,female,0.507744337815,2.008594,2005.0
16,KOR,24217.6061492,male,,2.008594,2010.0
17,KOR,24389.5060372,female,,2.008594,2010.0
18,SGP,1395.2300977,male,0.501230835342,2.008594,1990.0
19,SGP,1357.05173149,female,0.501230835342,2.008594,1990.0
20,SGP,1760.87467354,male,1.44212452544,2.008594,2005.0
21,SGP,1783.68576441,female,1.44212452544,2.008594,2005.0
22,SGP,1840.40877484,male,,2.008594,2010.0
23,SGP,1869.65823253,female,,2.008594,2010.0
24,ARM,1714.71825341,male,-0.398641781603,2.008594,1990.0
25,ARM,1820.80481224,female,-0.398641781603,2.008594,1990.0
26,ARM,1452.93263049,male,-0.388932127081,2.008594,2005.0
27,ARM,1662.23817383,female,-0.388932127081,2.008594,2005.0
28,ARM,1453.01984602,male,,2.008594,2010.0
29,ARM,1666.22139991,female,,2.008594,2010.0
30,AZE,3507.17343883,male,-0.292989203151,2.008594,1990.0
31,AZE,3679.15826468,female,-0.292989203151,2.008594,1990.0
32,AZE,4284.28548639,male,-0.378375488365,2.008594,2005.0
33,AZE,4441.98828734,female,-0.378375488365,2.008594,2005.0
34,AZE,4605.88259697,male,,2.008594,2010.0
35,AZE,4714.86316928,female,,2.008594,2010.0
36,GEO,2605.16820184,male,-0.254695665661,2.008594,1990.0
37,GEO,2885.78083875,female,-0.254695665661,2.008594,1990.0
38,GEO,2160.95224843,male,-0.392578949833,2.008594,2005.0
39,GEO,2425.04534154,female,-0.392578949833,2.008594,2005.0
40,GEO,2072.06466669,male,,2.008594,2010.0
41,GEO,2325.27494975,female,,2.008594,2010.0
42,KAZ,8035.32315739,male,-0.191634693665,2.008594,1990.0
43,KAZ,8568.63863054,female,-0.191634693665,2.008594,1990.0
44,KAZ,7347.62067522,male,-0.194436300782,2.008594,2005.0
45,KAZ,8038.22773238,female,-0.194436300782,2.008594,2005.0
46,KAZ,7705.35025007,male,,2.008594,2010.0
47,KAZ,8346.08909535,female,,2.008594,2010.0
48,KGZ,2168.96664267,male,-0.424608767942,2.008594,1990.0
49,KGZ,2264.14757132,female,-0.424608767942,2.008594,1990.0
50,KGZ,2524.98849557,male,-0.462975284541,2.008594,2005.0
51,KGZ,2582.72846319,female,-0.462975284541,2.008594,2005.0
52,KGZ,2640.71699713,male,,2.008594,2010.0
53,KGZ,2709.3367025,female,,2.008594,2010.0
54,MNG,1088.19157409,male,-0.425930506465,2.008594,1990.0
55,MNG,1113.34306756,female,-0.425930506465,2.008594,1990.0
56,MNG,1270.64443948,male,-0.431932166866,2.008594,2005.0
57,MNG,1300.47304753,female,-0.431932166866,2.008594,2005.0
58,MNG,1365.92733114,male,,2.008594,2010.0
59,MNG,1401.40985956,female,,2.008594,2010.0
60,TJK,2630.66857432,male,-0.40215617042,2.008594,1990.0
61,TJK,2664.54585755,female,-0.40215617042,2.008594,1990.0
62,TJK,3225.77058338,male,-0.486656459087,2.008594,2005.0
63,TJK,3282.40268667,female,-0.486656459087,2.008594,2005.0
64,TJK,3410.86861379,male,,2.008594,2010.0
65,TJK,3521.09576839,female,,2.008594,2010.0
66,TKM,1809.57922493,male,-0.313121293894,2.008594,1990.0
67,TKM,1862.62809766,female,-0.313121293894,2.008594,1990.0
68,TKM,2354.93408324,male,-0.364417232541,2.008594,2005.0
69,TKM,2420.31967362,female,-0.364417232541,2.008594,2005.0
70,TKM,2501.56982473,male,,2.008594,2010.0
71,TKM,2576.64721073,female,,2.008594,2010.0
72,UZB,10193.9571092,male,-0.449483148312,2.008594,1990.0
73,UZB,10438.751421,female,-0.449483148312,2.008594,1990.0
74,UZB,13001.0299447,male,-0.461551073571,2.008594,2005.0
75,UZB,13146.3696112,female,-0.461551073571,2.008594,2005.0
76,UZB,13713.4638151,male,,2.008594,2010.0
77,UZB,13870.6273417,female,,2.008594,2010.0
78,CHN,592272.478356,male,-0.498135942818,2.008594,1990.0
79,CHN,555680.937973,female,-0.498135942818,2.008594,1990.0
80,CHN,682314.101886,male,-0.375577574418,2.008594,2005.0
81,CHN,633754.717058,female,-0.375577574418,2.008594,2005.0
82,CHN,701116.474526,male,,2.008594,2010.0
83,CHN,650047.113017,female,,2.008594,2010.0
84,PRK,9929.71665229,male,-0.428605037345,2.008594,1990.0
85,PRK,10373.3587724,female,-0.428605037345,2.008594,1990.0
86,PRK,11695.6533854,male,-0.488175496084,2.008594,2005.0
87,PRK,12220.1275925,female,-0.488175496084,2.008594,2005.0
88,PRK,12015.8379571,male,,2.008594,2010.0
89,PRK,12543.2055612,female,,2.008594,2010.0
90,TWN,10620.5420243,male,0.0432840683906,2.008594,1990.0
91,TWN,9850.39104166,female,0.0432840683906,2.008594,1990.0
92,TWN,11704.9761795,male,0.686699723299,2.008594,2005.0
93,TWN,11290.665966,female,0.686699723299,2.008594,2005.0
94,TWN,11706.7494918,male,,2.008594,2010.0
95,TWN,11561.1031358,female,,2.008594,2010.0
96,BGD,54410.2304488,male,-0.513064399453,2.008594,1990.0
97,BGD,51378.847885,female,-0.513064399453,2.008594,1990.0
98,BGD,72035.6471592,male,-0.496625883864,2.008594,2005.0
99,BGD,68910.3800088,female,-0.496625883864,2.008594,2005.0
100,BGD,75610.1057413,male,,2.008594,2010.0
101,BGD,73685.6935197,female,,2.008594,2010.0
102,BTN,287.123996749,male,-0.476387211372,2.008594,1990.0
103,BTN,272.491794052,female,-0.476387211372,2.008594,1990.0
104,BTN,347.50117948,male,-0.386873471217,2.008594,2005.0
105,BTN,313.562609248,female,-0.386873471217,2.008594,2005.0
106,BTN,385.934194219,male,,2.008594,2010.0
107,BTN,343.138228383,female,,2.008594,2010.0
108,IND,456079.887066,male,-0.489610214382,2.008594,1990.0
109,IND,421518.354428,female,-0.489610214382,2.008594,1990.0
110,IND,592670.00033,male,-0.44735208552,2.008594,2005.0
111,IND,553036.622116,female,-0.44735208552,2.008594,2005.0
112,IND,635024.373061,male,,2.008594,2010.0
113,IND,595355.080696,female,,2.008594,2010.0
114,NPL,9731.80372921,male,-0.512470459784,2.008594,1990.0
115,NPL,9484.33847111,female,-0.512470459784,2.008594,1990.0
116,NPL,13571.537623,male,-0.499154883062,2.008594,2005.0
117,NPL,13780.2951958,female,-0.499154883062,2.008594,2005.0
118,NPL,14906.8555183,male,,2.008594,2010.0
119,NPL,15164.2487135,female,,2.008594,2010.0
120,PAK,58123.1987964,male,-0.464900882274,2.008594,1990.0
121,PAK,54578.5894703,female,-0.464900882274,2.008594,1990.0
122,PAK,81657.7833175,male,-0.446358154796,2.008594,2005.0
123,PAK,78299.0824617,female,-0.446358154796,2.008594,2005.0
124,PAK,88763.4650202,male,,2.008594,2010.0
125,PAK,85827.4604388,female,,2.008594,2010.0
126,IDN,92573.2226324,male,-0.451168117851,2.008594,1990.0
127,IDN,92530.5833304,female,-0.451168117851,2.008594,1990.0
128,IDN,113925.196999,male,-0.392987539211,2.008594,2005.0
129,IDN,114276.773167,female,-0.392987539211,2.008594,2005.0
130,IDN,120138.288751,male,,2.008594,2010.0
131,IDN,120890.022734,female,,2.008594,2010.0
132,KHM,4604.4312639,male,-0.514573693764,2.008594,1990.0
133,KHM,5061.29180038,female,-0.514573693764,2.008594,1990.0
134,KHM,6546.01705651,male,-0.487469944674,2.008594,2005.0
135,KHM,6886.50814712,female,-0.487469944674,2.008594,2005.0
136,KHM,6948.7558095,male,,2.008594,2010.0
137,KHM,7270.3632497,female,,2.008594,2010.0
138,LAO,2115.93105973,male,-0.501167363905,2.008594,1990.0
139,LAO,2117.9124236,female,-0.501167363905,2.008594,1990.0
140,LAO,2869.7788801,male,-0.471691060356,2.008594,2005.0
141,LAO,2899.94939565,female,-0.471691060356,2.008594,2005.0
142,LAO,3098.43486088,male,,2.008594,2010.0
143,LAO,3115.3987418,female,,2.008594,2010.0
144,LKA,8796.80210644,male,-0.452212504551,2.008594,1990.0
145,LKA,8627.82509669,female,-0.452212504551,2.008594,1990.0
146,LKA,9892.07560122,male,-0.38772784175,2.008594,2005.0
147,LKA,10081.6444664,female,-0.38772784175,2.008594,2005.0
148,LKA,10349.1576234,male,,2.008594,2010.0
149,LKA,10624.0228702,female,,2.008594,2010.0
150,MDV,114.418121536,male,-0.451431269177,2.008594,1990.0
151,MDV,106.657457131,female,-0.451431269177,2.008594,1990.0
152,MDV,149.964805201,male,-0.354903940197,2.008594,2005.0
153,MDV,146.160154317,female,-0.354903940197,2.008594,2005.0
154,MDV,160.350665698,male,,2.008594,2010.0
155,MDV,157.415476785,female,,2.008594,2010.0
156,MMR,19605.1894289,male,-0.533110038821,2.008594,1990.0
157,MMR,19875.67958,female,-0.533110038821,2.008594,1990.0
158,MMR,23032.6658691,male,-0.517466964306,2.008594,2005.0
159,MMR,23602.3669122,female,-0.517466964306,2.008594,2005.0
160,MMR,23769.2100129,male,,2.008594,2010.0
161,MMR,24473.3168847,female,,2.008594,2010.0
162,MUS,532.482830213,male,-0.302267589114,2.008594,1990.0
163,MUS,535.119796238,female,-0.302267589114,2.008594,1990.0
164,MUS,623.497919651,male,-0.0878949689095,2.008594,2005.0
165,MUS,636.009361463,female,-0.0878949689095,2.008594,2005.0
166,MUS,643.936624204,male,,2.008594,2010.0
167,MUS,660.016706902,female,,2.008594,2010.0
168,MYS,9259.62949846,male,-0.254280678257,2.008594,1990.0
169,MYS,8987.29470079,female,-0.254280678257,2.008594,1990.0
170,MYS,13254.839684,male,-0.00860756288003,2.008594,2005.0
171,MYS,12829.2041953,female,-0.00860756288003,2.008594,2005.0
172,MYS,14473.1948905,male,,2.008594,2010.0
173,MYS,14065.7090079,female,,2.008594,2010.0
174,PHL,31262.3681313,male,-0.433850274227,2.008594,1990.0
175,PHL,30622.9678287,female,-0.433850274227,2.008594,1990.0
176,PHL,43109.7491878,male,-0.415376936721,2.008594,2005.0
177,PHL,42641.0429322,female,-0.415376936721,2.008594,2005.0
178,PHL,47007.9560898,male,,2.008594,2010.0
179,PHL,46723.7418465,female,,2.008594,2010.0
180,SYC,31.6761106778,male,0.043520223168,2.008594,1990.0
181,SYC,32.1670562634,female,0.043520223168,2.008594,1990.0
182,SYC,36.771162495,male,0.367046026276,2.008594,2005.0
183,SYC,37.2193264296,female,0.367046026276,2.008594,2005.0
184,SYC,38.590167684,male,,2.008594,2010.0
185,SYC,38.9311453626,female,,2.008594,2010.0
186,THA,28448.8952728,male,-0.379259248204,2.008594,1990.0
187,THA,28832.4366256,female,-0.379259248204,2.008594,1990.0
188,THA,32903.0091778,male,-0.228507869403,2.008594,2005.0
189,THA,33978.8674674,female,-0.228507869403,2.008594,2005.0
190,THA,34135.7232502,male,,2.008594,2010.0
191,THA,35339.9004966,female,,2.008594,2010.0
192,TLS,392.335505975,male,-0.488022515643,2.008594,1990.0
193,TLS,371.673537873,female,-0.488022515643,2.008594,1990.0
194,TLS,521.475165562,male,-0.478446907567,2.008594,2005.0
195,TLS,501.010599354,female,-0.478446907567,2.008594,2005.0
196,TLS,578.291838952,male,,2.008594,2010.0
197,TLS,556.699547977,female,,2.008594,2010.0
198,VNM,33044.9213315,male,-0.506163884033,2.008594,1990.0
199,VNM,34743.6062036,female,-0.506163884033,2.008594,1990.0
200,VNM,41186.8118498,male,-0.453733466158,2.008594,2005.0
201,VNM,42451.5729971,female,-0.453733466158,2.008594,2005.0
202,VNM,43651.4050632,male,,2.008594,2010.0
203,VNM,44713.5024869,female,,2.008594,2010.0
204,AUS,8562.36426095,male,0.678496205689,2.008594,1990.0
205,AUS,8606.28316871,female,0.678496205689,2.008594,1990.0
206,AUS,10214.0060222,male,1.14486547959,2.008594,2005.0
207,AUS,10310.9880922,female,1.14486547959,2.008594,2005.0
208,AUS,10786.64086,male,,2.008594,2010.0
209,AUS,10846.6656905,female,,2.008594,2010.0
210,NZL,1687.21887562,male,0.447215371568,2.008594,1990.0
211,NZL,1738.05789276,female,0.447215371568,2.008594,1990.0
212,NZL,2043.48463575,male,0.698930356078,2.008594,2005.0
213,NZL,2117.94764928,female,0.698930356078,2.008594,2005.0
214,NZL,2157.55812746,male,,2.008594,2010.0
215,NZL,2227.00305792,female,,2.008594,2010.0
216,ATG,30.5477600502,male,-0.0223898469833,2.008594,1990.0
217,ATG,30.9093878805,female,-0.0223898469833,2.008594,1990.0
218,ATG,39.8995469201,male,0.188047467122,2.008594,2005.0
219,ATG,40.4991936044,female,0.188047467122,2.008594,2005.0
220,ATG,42.5112115492,male,,2.008594,2010.0
221,ATG,43.1867054611,female,,2.008594,2010.0
222,BHS,128.19893307,male,0.688365290694,2.008594,1990.0
223,BHS,130.014174879,female,0.688365290694,2.008594,1990.0
224,BHS,156.848767624,male,0.814781960009,2.008594,2005.0
225,BHS,164.428005381,female,0.814781960009,2.008594,2005.0
226,BHS,168.333980298,male,,2.008594,2010.0
227,BHS,176.066188441,female,,2.008594,2010.0
228,BLZ,95.0429435401,male,-0.33058738446,2.008594,1990.0
229,BLZ,96.6163033206,female,-0.33058738446,2.008594,1990.0
230,BLZ,139.434383623,male,-0.18470365498,2.008594,2005.0
231,BLZ,142.438951859,female,-0.18470365498,2.008594,2005.0
232,BLZ,154.607557412,male,,2.008594,2010.0
233,BLZ,158.149753929,female,,2.008594,2010.0
234,BRB,125.937505029,male,0.400146187306,2.008594,1990.0
235,BRB,136.083133491,female,0.400146187306,2.008594,1990.0
236,BRB,135.397119029,male,0.486981443331,2.008594,2005.0
237,BRB,137.174541038,female,0.486981443331,2.008594,2005.0
238,BRB,136.456360485,male,,2.008594,2010.0
239,BRB,138.233732173,female,,2.008594,2010.0
240,CUB,5351.18598983,male,-0.144452269545,2.008594,1990.0
241,CUB,5272.90932814,female,-0.144452269545,2.008594,1990.0
242,CUB,5688.19691797,male,-0.20452583159,2.008594,2005.0
243,CUB,5622.31793034,female,-0.20452583159,2.008594,2005.0
244,CUB,5705.49556132,male,,2.008594,2010.0
245,CUB,5633.69641203,female,,2.008594,2010.0
246,DMA,33.9098116769,male,-0.290259586829,2.008594,1990.0
247,DMA,34.2934208356,female,-0.290259586829,2.008594,1990.0
248,DMA,34.304595641,male,-0.203867251053,2.008594,2005.0
249,DMA,34.867262781,female,-0.203867251053,2.008594,2005.0
250,DMA,34.6262356243,male,,2.008594,2010.0
251,DMA,35.225025602,female,,2.008594,2010.0
252,DOM,3653.91771249,male,-0.335631369617,2.008594,1990.0
253,DOM,3584.998688,female,-0.335631369617,2.008594,1990.0
254,DOM,4677.31479678,male,-0.222856383884,2.008594,2005.0
255,DOM,4629.14215073,female,-0.222856383884,2.008594,2005.0
256,DOM,5000.84305528,male,,2.008594,2010.0
257,DOM,4966.53913331,female,,2.008594,2010.0
258,GRD,47.6625201855,male,-0.257113651306,2.008594,1990.0
259,GRD,48.9375649333,female,-0.257113651306,2.008594,1990.0
260,GRD,51.5583080537,male,-0.0681556025207,2.008594,2005.0
261,GRD,52.162667998,female,-0.0681556025207,2.008594,2005.0
262,GRD,52.4751020669,male,,2.008594,2010.0
263,GRD,52.4364954517,female,,2.008594,2010.0
264,GUY,363.461910711,male,-0.43199313017,2.008594,1990.0
265,GUY,374.008369733,female,-0.43199313017,2.008594,1990.0
266,GUY,363.746785615,male,-0.372159520105,2.008594,2005.0
267,GUY,362.660575899,female,-0.372159520105,2.008594,2005.0
268,GUY,380.922673244,male,,2.008594,2010.0
269,GUY,377.839185407,female,,2.008594,2010.0
270,HTI,3533.95289258,male,-0.464539575868,2.008594,1990.0
271,HTI,3635.08580501,female,-0.464539575868,2.008594,1990.0
272,HTI,4659.62310206,male,-0.486530475195,2.008594,2005.0
273,HTI,4741.87781814,female,-0.486530475195,2.008594,2005.0
274,HTI,4978.36746315,male,,2.008594,2010.0
275,HTI,5064.02620669,female,,2.008594,2010.0
276,JAM,1176.28112922,male,-0.212321019904,2.008594,1990.0
277,JAM,1212.83909123,female,-0.212321019904,2.008594,1990.0
278,JAM,1333.54645975,male,-0.154588303078,2.008594,2005.0
279,JAM,1371.77239533,female,-0.154588303078,2.008594,2005.0
280,JAM,1358.9578264,male,,2.008594,2010.0
281,JAM,1400.90546117,female,,2.008594,2010.0
282,LCA,69.1429879882,male,-0.196919411048,2.008594,1990.0
283,LCA,71.9042520984,female,-0.196919411048,2.008594,1990.0
284,LCA,80.9874024902,male,-0.0595194639231,2.008594,2005.0
285,LCA,84.7829932594,female,-0.0595194639231,2.008594,2005.0
286,LCA,85.1227998605,male,,2.008594,2010.0
287,LCA,89.6997305331,female,,2.008594,2010.0
288,SUR,207.490535229,male,-0.188511936857,2.008594,1990.0
289,SUR,200.724918024,female,-0.188511936857,2.008594,1990.0
290,SUR,250.702793464,male,-0.212664224579,2.008594,2005.0
291,SUR,247.769222466,female,-0.212664224579,2.008594,2005.0
292,SUR,264.075091369,male,,2.008594,2010.0
293,SUR,262.79236327,female,,2.008594,2010.0
294,TTO,599.33407283,male,0.00909676312163,2.008594,1990.0
295,TTO,620.970591714,female,0.00909676312163,2.008594,1990.0
296,TTO,642.297216634,male,0.321280894937,2.008594,2005.0
297,TTO,680.250152327,female,0.321280894937,2.008594,2005.0
298,TTO,652.914540472,male,,2.008594,2010.0
299,TTO,694.981766173,female,,2.008594,2010.0
300,VCT,53.7087185438,male,-0.358119338339,2.008594,1990.0
301,VCT,54.2244628261,female,-0.358119338339,2.008594,1990.0
302,VCT,55.3170499399,male,-0.229412851962,2.008594,2005.0
303,VCT,54.2238741305,female,-0.229412851962,2.008594,2005.0
304,VCT,55.5206951309,male,,2.008594,2010.0
305,VCT,54.410740727,female,,2.008594,2010.0
306,ALB,1690.12706965,male,-0.360947317807,2.008594,1990.0
307,ALB,1610.76009935,female,-0.360947317807,2.008594,1990.0
308,ALB,1576.82332614,male,-0.307462057921,2.008594,2005.0
309,ALB,1578.33565133,female,-0.307462057921,2.008594,2005.0
310,ALB,1614.73297985,male,,2.008594,2010.0
311,ALB,1610.17233012,female,,2.008594,2010.0
312,BGR,4391.76320688,male,-0.141982423478,2.008594,1990.0
313,BGR,4522.35542197,female,-0.141982423478,2.008594,1990.0
314,BGR,3813.64111513,male,-0.141712353962,2.008594,2005.0
315,BGR,4058.93714964,female,-0.141712353962,2.008594,2005.0
316,BGR,3701.9083437,male,,2.008594,2010.0
317,BGR,3964.11796063,female,,2.008594,2010.0
318,BIH,2136.37380774,male,-0.472130079369,2.008594,1990.0
319,BIH,2187.83680049,female,-0.472130079369,2.008594,1990.0
320,BIH,1840.8977285,male,-0.276136802908,2.008594,2005.0
321,BIH,1989.12525517,female,-0.276136802908,2.008594,2005.0
322,BIH,1833.00303611,male,,2.008594,2010.0
323,BIH,1979.1011714,female,,2.008594,2010.0
324,CZE,5053.88986952,male,0.261957670483,2.008594,1990.0
325,CZE,5372.0019585,female,0.261957670483,2.008594,1990.0
326,CZE,5044.13963819,male,0.39724314807,2.008594,2005.0
327,CZE,5307.93073993,female,0.39724314807,2.008594,2005.0
328,CZE,5192.81053947,male,,2.008594,2010.0
329,CZE,5378.26801251,female,,2.008594,2010.0
330,HRV,2200.60319852,male,0.0963408686071,2.008594,1990.0
331,HRV,2359.03085644,female,0.0963408686071,2.008594,1990.0
332,HRV,2167.92816724,male,0.136514229336,2.008594,2005.0
333,HRV,2342.31899894,female,0.136514229336,2.008594,2005.0
334,HRV,2149.89005041,male,,2.008594,2010.0
335,HRV,2318.44019044,female,,2.008594,2010.0
336,HUN,5040.52382092,male,0.0782074067213,2.008594,1990.0
337,HUN,5469.43201684,female,0.0782074067213,2.008594,1990.0
338,HUN,4836.15138007,male,0.221243338458,2.008594,2005.0
339,HUN,5366.86518925,female,0.221243338458,2.008594,2005.0
340,HUN,4787.76470933,male,,2.008594,2010.0
341,HUN,5296.62135802,female,,2.008594,2010.0
342,MKD,965.84983815,male,-0.149813711223,2.008594,1990.0
343,MKD,958.175317274,female,-0.149813711223,2.008594,1990.0
344,MKD,1029.89601194,male,-0.197448678639,2.008594,2005.0
345,MKD,1027.88501119,female,-0.197448678639,2.008594,2005.0
346,MKD,1042.4015612,male,,2.008594,2010.0
347,MKD,1040.10224305,female,,2.008594,2010.0
348,MNE,291.177963438,male,-0.0401995583548,2.008594,1990.0
349,MNE,295.527049099,female,-0.0401995583548,2.008594,1990.0
350,MNE,311.089755645,male,-0.203678067149,2.008594,2005.0
351,MNE,323.27155882,female,-0.203678067149,2.008594,2005.0
352,MNE,313.036222286,male,,2.008594,2010.0
353,MNE,325.555073031,female,,2.008594,2010.0
354,POL,18695.7473223,male,-0.119637500051,2.008594,1990.0
355,POL,19701.4482402,female,-0.119637500051,2.008594,1990.0
356,POL,18657.2822503,male,0.086701696403,2.008594,2005.0
357,POL,19963.0715422,female,0.086701696403,2.008594,2005.0
358,POL,18591.1567086,male,,2.008594,2010.0
359,POL,19923.5702264,female,,2.008594,2010.0
360,ROU,11494.3738658,male,-0.12996136506,2.008594,1990.0
361,ROU,11843.3258324,female,-0.12996136506,2.008594,1990.0
362,ROU,10740.0066137,male,-0.147764106224,2.008594,2005.0
363,ROU,11351.5243067,female,-0.147764106224,2.008594,2005.0
364,ROU,10553.8889206,male,,2.008594,2010.0
365,ROU,11216.9361069,female,,2.008594,2010.0
366,SRB,4797.02379684,male,0.0117189134147,2.008594,1990.0
367,SRB,4873.52036265,female,0.0117189134147,2.008594,1990.0
368,SRB,4945.32525091,male,-0.184873436741,2.008594,2005.0
369,SRB,5075.37960313,female,-0.184873436741,2.008594,2005.0
370,SRB,4939.5165808,male,,2.008594,2010.0
371,SRB,5054.9023655,female,,2.008594,2010.0
372,SVK,2595.64222236,male,0.0542917939414,2.008594,1990.0
373,SVK,2722.78624095,female,0.0542917939414,2.008594,1990.0
374,SVK,2635.09225668,male,0.18672468827,2.008594,2005.0
375,SVK,2803.54207263,female,0.18672468827,2.008594,2005.0
376,SVK,2651.54369312,male,,2.008594,2010.0
377,SVK,2810.22596263,female,,2.008594,2010.0
378,SVN,972.776027703,male,0.238707868529,2.008594,1990.0
379,SVN,1036.12187657,female,0.238707868529,2.008594,1990.0
380,SVN,990.496341073,male,0.535763529977,2.008594,2005.0
381,SVN,1035.4127342,female,0.535763529977,2.008594,2005.0
382,SVN,1019.7848527,male,,2.008594,2010.0
383,SVN,1039.36136629,female,,2.008594,2010.0
384,BLR,4786.28765915,male,-0.224338853302,2.008594,1990.0
385,BLR,5443.64447284,female,-0.224338853302,2.008594,1990.0
386,BLR,4633.40095896,male,-0.182943209542,2.008594,2005.0
387,BLR,5314.01728345,female,-0.182943209542,2.008594,2005.0
388,BLR,4512.30075512,male,,2.008594,2010.0
389,BLR,5190.6220057,female,,2.008594,2010.0
390,EST,735.29783695,male,-0.0429849883497,2.008594,1990.0
391,EST,840.026331272,female,-0.0429849883497,2.008594,1990.0
392,EST,628.464293888,male,0.126913029155,2.008594,2005.0
393,EST,738.991153068,female,0.126913029155,2.008594,2005.0
394,EST,623.901694144,male,,2.008594,2010.0
395,EST,730.548064346,female,,2.008594,2010.0
396,LTU,1749.2840914,male,0.0883901510452,2.008594,1990.0
397,LTU,1955.69037051,female,0.0883901510452,2.008594,1990.0
398,LTU,1612.34689874,male,0.0343632436483,2.008594,2005.0
399,LTU,1853.47800213,female,0.0343632436483,2.008594,2005.0
400,LTU,1568.60894941,male,,2.008594,2010.0
401,LTU,1807.88446389,female,,2.008594,2010.0
402,LVA,1237.77835059,male,-0.0152245781306,2.008594,1990.0
403,LVA,1432.27141184,female,-0.0152245781306,2.008594,1990.0
404,LVA,1073.09057328,male,-0.020389813681,2.008594,2005.0
405,LVA,1262.13073873,female,-0.020389813681,2.008594,2005.0
406,LVA,1049.19302325,male,,2.008594,2010.0
407,LVA,1224.59392928,female,,2.008594,2010.0
408,MDA,2093.57353313,male,-0.342817653124,2.008594,1990.0
409,MDA,2303.17488047,female,-0.342817653124,2.008594,1990.0
410,MDA,1827.62018244,male,-0.448965792494,2.008594,2005.0
411,MDA,2019.09016651,female,-0.448965792494,2.008594,2005.0
412,MDA,1711.23902746,male,,2.008594,2010.0
413,MDA,1898.79593633,female,,2.008594,2010.0
414,RUS,69399.3752568,male,0.115790867369,2.008594,1990.0
415,RUS,79392.2854951,female,0.115790867369,2.008594,1990.0
416,RUS,67247.029868,male,-0.0321413227478,2.008594,2005.0
417,RUS,78266.3536507,female,-0.0321413227478,2.008594,2005.0
418,RUS,65825.8614538,male,,2.008594,2010.0
419,RUS,76690.6964563,female,,2.008594,2010.0
420,UKR,23984.918019,male,-0.140237582982,2.008594,1990.0
421,UKR,28102.193965,female,-0.140237582982,2.008594,1990.0
422,UKR,21993.1271681,male,-0.306863868507,2.008594,2005.0
423,UKR,25795.6663471,female,-0.306863868507,2.008594,2005.0
424,UKR,21182.1813307,male,,2.008594,2010.0
425,UKR,24788.2612894,female,,2.008594,2010.0
426,AND,25.7479533937,male,1.58691133158,2.008594,1990.0
427,AND,27.1568666389,female,1.58691133158,2.008594,1990.0
428,AND,37.1415725012,male,2.04226715812,2.008594,2005.0
429,AND,38.639010354,female,2.04226715812,2.008594,2005.0
430,AND,41.3729616343,male,,2.008594,2010.0
431,AND,42.7314443346,female,,2.008594,2010.0
432,AUT,3705.20639622,male,0.729356870508,2.008594,1990.0
433,AUT,4046.6537823,female,0.729356870508,2.008594,1990.0
434,AUT,4040.861993,male,1.15823319242,2.008594,2005.0
435,AUT,4251.61410818,female,1.15823319242,2.008594,2005.0
436,AUT,4097.70721375,male,,2.008594,2010.0
437,AUT,4276.24789516,female,,2.008594,2010.0
438,BEL,4904.69286856,male,0.65804332937,2.008594,1990.0
439,BEL,5129.93760472,female,0.65804332937,2.008594,1990.0
440,BEL,5188.36759063,male,1.06972768752,2.008594,2005.0
441,BEL,5397.82488292,female,1.06972768752,2.008594,2005.0
442,BEL,5348.1307394,male,,2.008594,2010.0
443,BEL,5532.9290129,female,,2.008594,2010.0
444,CHE,3307.69231579,male,1.09423420741,2.008594,1990.0
445,CHE,3463.23017491,female,1.09423420741,2.008594,1990.0
446,CHE,3669.88276625,male,1.28525273264,2.008594,2005.0
447,CHE,3813.97553098,female,1.28525273264,2.008594,2005.0
448,CHE,3761.89563942,male,,2.008594,2010.0
449,CHE,3874.17344211,female,,2.008594,2010.0
450,CYP,319.574293473,male,0.200438310632,2.008594,1990.0
451,CYP,327.552320788,female,0.200438310632,2.008594,1990.0
452,CYP,366.602591298,male,0.567581485001,2.008594,2005.0
453,CYP,377.318435428,female,0.567581485001,2.008594,2005.0
454,CYP,376.184493597,male,,2.008594,2010.0
455,CYP,386.959503405,female,,2.008594,2010.0
456,DEU,38393.8157003,male,0.674430598331,2.008594,1990.0
457,DEU,41512.0674486,female,0.674430598331,2.008594,1990.0
458,DEU,40931.6638022,male,1.03428522481,2.008594,2005.0
459,DEU,42483.6067357,female,1.03428522481,2.008594,2005.0
460,DEU,40825.1605144,male,,2.008594,2010.0
461,DEU,42125.518464,female,,2.008594,2010.0
462,DNK,2560.06479865,male,0.739898008316,2.008594,1990.0
463,DNK,2630.7268217,female,0.739898008316,2.008594,1990.0
464,DNK,2701.45506677,male,1.13665832083,2.008594,2005.0
465,DNK,2742.73082879,female,1.13665832083,2.008594,2005.0
466,DNK,2754.7844371,male,,2.008594,2010.0
467,DNK,2783.39075249,female,,2.008594,2010.0
468,ESP,19194.525178,male,0.366670467357,2.008594,1990.0
469,ESP,20013.6928365,female,0.366670467357,2.008594,1990.0
470,ESP,21587.6132485,male,0.805127182864,2.008594,2005.0
471,ESP,22196.2313951,female,0.805127182864,2.008594,2005.0
472,ESP,22197.4441029,male,,2.008594,2010.0
473,ESP,22736.2856112,female,,2.008594,2010.0
474,FIN,2441.97092751,male,0.582781738098,2.008594,1990.0
475,FIN,2598.40809095,female,0.582781738098,2.008594,1990.0
476,FIN,2597.53388099,male,0.937064360226,2.008594,2005.0
477,FIN,2701.62995658,female,0.937064360226,2.008594,2005.0
478,FIN,2649.00627499,male,,2.008594,2010.0
479,FIN,2733.1207691,female,,2.008594,2010.0
480,FRA,27840.6467714,male,0.65342062561,2.008594,1990.0
481,FRA,29287.7766523,female,0.65342062561,2.008594,1990.0
482,FRA,29945.8278057,male,0.973084205761,2.008594,2005.0
483,FRA,31551.0793686,female,0.973084205761,2.008594,2005.0
484,FRA,30775.2885508,male,,2.008594,2010.0
485,FRA,32269.019624,female,,2.008594,2010.0
486,GBR,28134.2404878,male,0.598192137737,2.008594,1990.0
487,GBR,29695.0961198,female,0.598192137737,2.008594,1990.0
488,GBR,29752.5333672,male,1.0542595496,2.008594,2005.0
489,GBR,30850.6103296,female,1.0542595496,2.008594,2005.0
490,GBR,30726.391881,male,,2.008594,2010.0
491,GBR,31563.6337239,female,,2.008594,2010.0
492,GRC,5045.94942906,male,0.344633169338,2.008594,1990.0
493,GRC,5197.76726124,female,0.344633169338,2.008594,1990.0
494,GRC,5613.99209687,male,0.63505360977,2.008594,2005.0
495,GRC,5760.90445145,female,0.63505360977,2.008594,2005.0
496,GRC,5687.31799208,male,,2.008594,2010.0
497,GRC,5807.93565973,female,,2.008594,2010.0
498,IRL,1768.70716125,male,0.245703563687,2.008594,1990.0
499,IRL,1784.11013684,female,0.245703563687,2.008594,1990.0
500,IRL,2098.42963163,male,1.21437456936,2.008594,2005.0
501,IRL,2098.29561543,female,1.21437456936,2.008594,2005.0
502,IRL,2254.43991694,male,,2.008594,2010.0
503,IRL,2269.6158253,female,,2.008594,2010.0
504,ISL,128.708233955,male,0.78399757226,2.008594,1990.0
505,ISL,127.694041015,female,0.78399757226,2.008594,1990.0
506,ISL,150.33621028,male,1.14797762504,2.008594,2005.0
507,ISL,148.330162463,female,1.14797762504,2.008594,2005.0
508,ISL,164.485330438,male,,2.008594,2010.0
509,ISL,158.73310348,female,,2.008594,2010.0
510,ISR,2343.75338788,male,0.335992713373,2.008594,1990.0
511,ISR,2369.82967824,female,0.335992713373,2.008594,1990.0
512,ISR,3446.62199741,male,0.632820542679,2.008594,2005.0
513,ISR,3535.75690527,female,0.632820542679,2.008594,2005.0
514,ISR,3760.3105517,male,,2.008594,2010.0
515,ISR,3832.99226855,female,,2.008594,2010.0
516,ITA,27912.1744835,male,0.601781274223,2.008594,1990.0
517,ITA,29616.6664133,female,0.601781274223,2.008594,1990.0
518,ITA,28772.59442,male,0.91319556227,2.008594,2005.0
519,ITA,30374.8377469,female,0.91319556227,2.008594,2005.0
520,ITA,29368.8022101,male,,2.008594,2010.0
521,ITA,30856.9507487,female,,2.008594,2010.0
522,LUX,188.444707905,male,1.3571171282,2.008594,1990.0
523,LUX,196.395414453,female,1.3571171282,2.008594,1990.0
524,LUX,227.98154705,male,2.77673972583,2.008594,2005.0
525,LUX,233.033927125,female,2.77673972583,2.008594,2005.0
526,LUX,250.281006451,male,,2.008594,2010.0
527,LUX,252.199277743,female,,2.008594,2010.0
528,MLT,182.597641363,male,0.0691508189902,2.008594,1990.0
529,MLT,187.596033049,female,0.0691508189902,2.008594,1990.0
530,MLT,204.559379259,male,0.486570513211,2.008594,2005.0
531,MLT,208.357721689,female,0.486570513211,2.008594,2005.0
532,MLT,208.090785426,male,,2.008594,2010.0
533,MLT,211.282857365,female,,2.008594,2010.0
534,NLD,7443.25725766,male,0.744052043674,2.008594,1990.0
535,NLD,7609.68584751,female,0.744052043674,2.008594,1990.0
536,NLD,8136.23226718,male,1.256297244,2.008594,2005.0
537,NLD,8278.66147444,female,1.256297244,2.008594,2005.0
538,NLD,8276.68233889,male,,2.008594,2010.0
539,NLD,8390.80398818,female,,2.008594,2010.0
540,NOR,2119.24299664,male,1.05318436915,2.008594,1990.0
541,NOR,2164.00765346,female,1.05318436915,2.008594,1990.0
542,NOR,2308.23040635,male,1.80481300925,2.008594,2005.0
543,NOR,2329.78230725,female,1.80481300925,2.008594,2005.0
544,NOR,2431.65290259,male,,2.008594,2010.0
545,NOR,2419.86802305,female,,2.008594,2010.0
546,PRT,4839.27224849,male,0.14301680835,2.008594,1990.0
547,PRT,5202.27497548,female,0.14301680835,2.008594,1990.0
548,PRT,5163.39622567,male,0.499572550253,2.008594,2005.0
549,PRT,5508.73296741,female,0.499572550253,2.008594,2005.0
550,PRT,5205.23017783,male,,2.008594,2010.0
551,PRT,5540.92165251,female,,2.008594,2010.0
552,SWE,4280.07453712,male,0.701918182161,2.008594,1990.0
553,SWE,4373.70555291,female,0.701918182161,2.008594,1990.0
554,SWE,4505.95043421,male,1.05592719765,2.008594,2005.0
555,SWE,4555.48384366,female,1.05592719765,2.008594,2005.0
556,SWE,4640.79607425,male,,2.008594,2010.0
557,SWE,4650.06583969,female,,2.008594,2010.0
558,BOL,3330.70654857,male,-0.397717917066,2.008594,1990.0
559,BOL,3391.57541347,female,-0.397717917066,2.008594,1990.0
560,BOL,4575.28570143,male,-0.370565059225,2.008594,2005.0
561,BOL,4622.85025574,female,-0.370565059225,2.008594,2005.0
562,BOL,4981.06132086,male,,2.008594,2010.0
563,BOL,5008.37085191,female,,2.008594,2010.0
564,ECU,5195.38866322,male,-0.278196343053,2.008594,1990.0
565,ECU,5133.82438195,female,-0.278196343053,2.008594,1990.0
566,ECU,6762.12014846,male,-0.249693813845,2.008594,2005.0
567,ECU,6718.08596576,female,-0.249693813845,2.008594,2005.0
568,ECU,7276.93057338,male,,2.008594,2010.0
569,ECU,7248.77153896,female,,2.008594,2010.0
570,PER,10959.3903415,male,-0.284006114693,2.008594,1990.0
571,PER,10873.1956757,female,-0.284006114693,2.008594,1990.0
572,PER,13892.5124616,male,-0.254468717799,2.008594,2005.0
573,PER,13814.3394004,female,-0.254468717799,2.008594,2005.0
574,PER,14649.7932117,male,,2.008594,2010.0
575,PER,14582.0307517,female,,2.008594,2010.0
576,COL,16565.7671556,male,-0.279022416626,2.008594,1990.0
577,COL,16836.7112468,female,-0.279022416626,2.008594,1990.0
578,COL,21288.6283718,male,-0.205272423996,2.008594,2005.0
579,COL,21930.7476427,female,-0.205272423996,2.008594,2005.0
580,COL,22853.9338881,male,,2.008594,2010.0
581,COL,23600.9734333,female,,2.008594,2010.0
582,CRI,1564.66523212,male,-0.215325959406,2.008594,1990.0
583,CRI,1512.4747555,female,-0.215325959406,2.008594,1990.0
584,CRI,2193.50751559,male,-0.103014128329,2.008594,2005.0
585,CRI,2124.58985092,female,-0.103014128329,2.008594,2005.0
586,CRI,2373.01515039,male,,2.008594,2010.0
587,CRI,2301.3826901,female,,2.008594,2010.0
588,GTM,4546.52639077,male,-0.350001127741,2.008594,1990.0
589,GTM,4477.85524004,female,-0.350001127741,2.008594,1990.0
590,GTM,6253.70659492,male,-0.314431536777,2.008594,2005.0
591,GTM,6553.80133277,female,-0.314431536777,2.008594,2005.0
592,GTM,7065.79485442,male,,2.008594,2010.0
593,GTM,7421.91913587,female,,2.008594,2010.0
594,HND,2472.91134543,male,-0.396399299531,2.008594,1990.0
595,HND,2459.25736824,female,-0.396399299531,2.008594,1990.0
596,HND,3452.15636838,male,-0.38385474735,2.008594,2005.0
597,HND,3467.84741638,female,-0.38385474735,2.008594,2005.0
598,HND,3821.87969578,male,,2.008594,2010.0
599,HND,3822.41608333,female,,2.008594,2010.0
600,MEX,42051.6835941,male,-0.055224671995,2.008594,1990.0
601,MEX,42701.4564946,female,-0.055224671995,2.008594,1990.0
602,MEX,52816.3039834,male,0.048146568081,2.008594,2005.0
603,MEX,54165.7154347,female,0.048146568081,2.008594,2005.0
604,MEX,56166.1049456,male,,2.008594,2010.0
605,MEX,57710.630856,female,,2.008594,2010.0
606,NIC,2074.14852012,male,-0.420192621588,2.008594,1990.0
607,NIC,2083.5079081,female,-0.420192621588,2.008594,1990.0
608,NIC,2704.22438798,male,-0.433966062891,2.008594,2005.0
609,NIC,2742.21685729,female,-0.433966062891,2.008594,2005.0
610,NIC,2870.48886228,male,,2.008594,2010.0
611,NIC,2930.41204879,female,,2.008594,2010.0
612,PAN,1229.15253478,male,-0.244897687171,2.008594,1990.0
613,PAN,1200.42213249,female,-0.244897687171,2.008594,1990.0
614,PAN,1640.40928575,male,-0.148246923106,2.008594,2005.0
615,PAN,1613.21861021,female,-0.148246923106,2.008594,2005.0
616,PAN,1780.35604034,male,,2.008594,2010.0
617,PAN,1752.63275177,female,,2.008594,2010.0
618,SLV,2610.98300247,male,-0.349083921312,2.008594,1990.0
619,SLV,2757.32334469,female,-0.349083921312,2.008594,1990.0
620,SLV,2903.25539133,male,-0.253287163664,2.008594,2005.0
621,SLV,3172.37570949,female,-0.253287163664,2.008594,2005.0
622,SLV,2951.64322512,male,,2.008594,2010.0
623,SLV,3263.92527594,female,,2.008594,2010.0
624,VEN,9959.27584363,male,-0.0658287497324,2.008594,1990.0
625,VEN,9790.63679052,female,-0.0658287497324,2.008594,1990.0
626,VEN,13461.6361592,male,-0.0866740383068,2.008594,2005.0
627,VEN,13329.452036,female,-0.0866740383068,2.008594,2005.0
628,VEN,14604.3875771,male,,2.008594,2010.0
629,VEN,14500.586932,female,,2.008594,2010.0
630,ARG,16130.9349935,male,-0.13688834646,2.008594,1990.0
631,ARG,16767.1658543,female,-0.13688834646,2.008594,1990.0
632,ARG,19080.7693011,male,-0.04464296134,2.008594,2005.0
633,ARG,19913.1952197,female,-0.04464296134,2.008594,2005.0
634,ARG,19902.5110344,male,,2.008594,2010.0
635,ARG,20759.6939548,female,,2.008594,2010.0
636,CHL,6543.29736,male,-0.261916436088,2.008594,1990.0
637,CHL,6709.58167662,female,-0.261916436088,2.008594,1990.0
638,CHL,7782.73145147,male,0.0112611684716,2.008594,2005.0
639,CHL,8012.91743508,female,0.0112611684716,2.008594,2005.0
640,CHL,8120.72741934,male,,2.008594,2010.0
641,CHL,8347.21448388,female,,2.008594,2010.0
642,URY,1522.05398226,male,-0.20207741631,2.008594,1990.0
643,URY,1618.22311562,female,-0.20207741631,2.008594,1990.0
644,URY,1620.27966177,male,-0.0891006066697,2.008594,2005.0
645,URY,1735.91637388,female,-0.0891006066697,2.008594,2005.0
646,URY,1640.34738989,male,,2.008594,2010.0
647,URY,1755.44556773,female,,2.008594,2010.0
648,BRA,74623.8693946,male,-0.171203560231,2.008594,1990.0
649,BRA,75619.3393778,female,-0.171203560231,2.008594,1990.0
650,BRA,91979.7234324,male,-0.128728626718,2.008594,2005.0
651,BRA,94555.2255975,female,-0.128728626718,2.008594,2005.0
652,BRA,96343.2830685,male,,2.008594,2010.0
653,BRA,99425.0041762,female,,2.008594,2010.0
654,PRY,2161.59385971,male,-0.349685907928,2.008594,1990.0
655,PRY,2115.30196181,female,-0.349685907928,2.008594,1990.0
656,PRY,2999.43881658,male,-0.354229026488,2.008594,2005.0
657,PRY,2932.56132504,female,-0.354229026488,2.008594,2005.0
658,PRY,3275.4895694,male,,2.008594,2010.0
659,PRY,3214.00955618,female,,2.008594,2010.0
660,AFG,7071.16361646,male,-0.511177101447,2.008594,1990.0
661,AFG,6577.53741859,female,-0.511177101447,2.008594,1990.0
662,AFG,14512.5522653,male,-0.520831826576,2.008594,2005.0
663,AFG,13542.9838987,female,-0.520831826576,2.008594,2005.0
664,AFG,16572.4829244,male,,2.008594,2010.0
665,AFG,15479.6090976,female,,2.008594,2010.0
666,ARE,1184.0868054,male,1.69661927015,2.008594,1990.0
667,ARE,622.731820948,female,1.69661927015,2.008594,1990.0
668,ARE,2792.93789715,male,1.53000635286,2.008594,2005.0
669,ARE,1293.85829392,female,1.53000635286,2.008594,2005.0
670,ARE,5219.34488486,male,,2.008594,2010.0
671,ARE,2283.93450074,female,,2.008594,2010.0
672,BHR,287.135386766,male,0.430124839922,2.008594,1990.0
673,BHR,210.885406715,female,0.430124839922,2.008594,1990.0
674,BHR,424.962218427,male,0.684109823217,2.008594,2005.0
675,BHR,316.118171989,female,0.684109823217,2.008594,2005.0
676,BHR,794.433153206,male,,2.008594,2010.0
677,BHR,480.025924059,female,,2.008594,2010.0
678,DZA,12811.2554203,male,-0.255330422654,2.008594,1990.0
679,DZA,12630.4937971,female,-0.255330422654,2.008594,1990.0
680,DZA,16685.0398196,male,-0.248751275394,2.008594,2005.0
681,DZA,16389.8006909,female,-0.248751275394,2.008594,2005.0
682,DZA,17997.1857701,male,,2.008594,2010.0
683,DZA,17668.4138673,female,,2.008594,2010.0
684,EGY,28730.0954536,male,-0.397143447162,2.008594,1990.0
685,EGY,28424.6985873,female,-0.397143447162,2.008594,1990.0
686,EGY,37526.1640869,male,-0.332272458031,2.008594,2005.0
687,EGY,37147.2191054,female,-0.332272458031,2.008594,2005.0
688,EGY,40948.3063407,male,,2.008594,2010.0
689,EGY,40643.6984019,female,,2.008594,2010.0
690,IRN,27668.390222,male,-0.231600820774,2.008594,1990.0
691,IRN,27138.4610556,female,-0.231600820774,2.008594,1990.0
692,IRN,35937.9433077,male,-0.1186949616,2.008594,2005.0
693,IRN,34632.8279135,female,-0.1186949616,2.008594,2005.0
694,IRN,37760.6936686,male,,2.008594,2010.0
695,IRN,36608.3400298,female,,2.008594,2010.0
696,IRQ,8679.12412844,male,-0.217448855612,2.008594,1990.0
697,IRQ,8816.89669229,female,-0.217448855612,2.008594,1990.0
698,IRQ,13823.6018633,male,-0.371503540392,2.008594,2005.0
699,IRQ,13745.0118383,female,-0.371503540392,2.008594,2005.0
700,IRQ,15973.8691252,male,,2.008594,2010.0
701,IRQ,15883.6113368,female,,2.008594,2010.0
702,JOR,1781.09131961,male,-0.339459209687,2.008594,1990.0
703,JOR,1616.21777979,female,-0.339459209687,2.008594,1990.0
704,JOR,2786.96564206,male,-0.346266293121,2.008594,2005.0
705,JOR,2600.61770238,female,-0.346266293121,2.008594,2005.0
706,JOR,3153.95796749,male,,2.008594,2010.0
707,JOR,2978.11472046,female,,2.008594,2010.0
708,KWT,1102.77482855,male,0.965378485777,2.008594,1990.0
709,KWT,968.291520776,female,0.965378485777,2.008594,1990.0
710,KWT,1365.51527348,male,1.43995439828,2.008594,2005.0
711,KWT,912.510243558,female,1.43995439828,2.008594,2005.0
712,KWT,1613.85217404,male,,2.008594,2010.0
713,KWT,1084.31915849,female,,2.008594,2010.0
714,LBN,1450.01656951,male,0.0473559177248,2.008594,1990.0
715,LBN,1535.95769383,female,0.0473559177248,2.008594,1990.0
716,LBN,1997.64531721,male,-0.060720316168,2.008594,2005.0
717,LBN,2088.19775551,female,-0.060720316168,2.008594,2005.0
718,LBN,2080.90679489,male,,2.008594,2010.0
719,LBN,2178.73368568,female,,2.008594,2010.0
720,LBY,2283.64403878,male,0.31363239307,2.008594,1990.0
721,LBY,2070.69735548,female,0.31363239307,2.008594,1990.0
722,LBY,2957.74956619,male,0.139971243985,2.008594,2005.0
723,LBY,2837.04389083,female,0.139971243985,2.008594,2005.0
724,LBY,3235.51913146,male,,2.008594,2010.0
725,LBY,3142.93895608,female,,2.008594,2010.0
726,MAR,12442.3835244,male,-0.422395623159,2.008594,1990.0
727,MAR,12492.8017334,female,-0.422395623159,2.008594,1990.0
728,MAR,15080.8312245,male,-0.388504031527,2.008594,2005.0
729,MAR,15533.2400909,female,-0.388504031527,2.008594,2005.0
730,MAR,15752.9534735,male,,2.008594,2010.0
731,MAR,16359.4571271,female,,2.008594,2010.0
732,OMN,1047.0958412,male,0.191431658713,2.008594,1990.0
733,OMN,841.095840349,female,0.191431658713,2.008594,1990.0
734,OMN,1345.67327428,male,0.415647095604,2.008594,2005.0
735,OMN,1098.37057306,female,0.415647095604,2.008594,2005.0
736,OMN,1618.25926451,male,,2.008594,2010.0
737,OMN,1131.00204597,female,,2.008594,2010.0
738,PSE,1068.42992118,male,-0.434238629198,2.008594,1990.0
739,PSE,1042.27637461,female,-0.434238629198,2.008594,1990.0
740,PSE,1817.79794918,male,-0.407178620758,2.008594,2005.0
741,PSE,1765.34453259,female,-0.407178620758,2.008594,2005.0
742,PSE,2062.97271474,male,,2.008594,2010.0
743,PSE,2001.95283105,female,,2.008594,2010.0
744,QAT,318.269181045,male,2.41219685483,2.008594,1990.0
745,QAT,156.767771549,female,2.41219685483,2.008594,1990.0
746,QAT,555.751872479,male,2.89381267649,2.008594,2005.0
747,QAT,271.581861768,female,2.89381267649,2.008594,2005.0
748,QAT,1332.6442017,male,,2.008594,2010.0
749,QAT,429.290369407,female,,2.008594,2010.0
750,SAU,9076.78444871,male,0.471295356396,2.008594,1990.0
751,SAU,7117.03575941,female,0.471295356396,2.008594,1990.0
752,SAU,13520.7011562,male,0.452401413707,2.008594,2005.0
753,SAU,10588.6405938,female,0.452401413707,2.008594,2005.0
754,SAU,15066.176568,male,,2.008594,2010.0
755,SAU,12121.8977028,female,,2.008594,2010.0
756,SYR,6231.5652442,male,-0.390608357853,2.008594,1990.0
757,SYR,6150.42174392,female,-0.390608357853,2.008594,1990.0
758,SYR,9272.03989905,male,-0.34969605114,2.008594,2005.0
759,SYR,8968.21080984,female,-0.34969605114,2.008594,2005.0
760,SYR,10244.986144,male,,2.008594,2010.0
761,SYR,10016.8162782,female,,2.008594,2010.0
762,TUN,4162.75340701,male,-0.352251880433,2.008594,1990.0
763,TUN,4097.95015798,female,-0.352251880433,2.008594,1990.0
764,TUN,5011.38443905,male,-0.25126299472,2.008594,2005.0
765,TUN,4997.41083394,female,-0.25126299472,2.008594,2005.0
766,TUN,5281.16102072,male,,2.008594,2010.0
767,TUN,5281.78307654,female,,2.008594,2010.0
768,TUR,27305.3709004,male,-0.192612187184,2.008594,1990.0
769,TUR,27245.4812007,female,-0.192612187184,2.008594,1990.0
770,TUR,34234.2582278,male,-0.0616735179954,2.008594,2005.0
771,TUR,34390.1063141,female,-0.0616735179954,2.008594,2005.0
772,TUR,36459.024951,male,,2.008594,2010.0
773,TUR,36710.0579536,female,,2.008594,2010.0
774,YEM,6005.67652299,male,-0.468260626123,2.008594,1990.0
775,YEM,6062.23525143,female,-0.468260626123,2.008594,1990.0
776,YEM,10456.279105,male,-0.43914310618,2.008594,2005.0
777,YEM,10336.1201051,female,-0.43914310618,2.008594,2005.0
778,YEM,12184.3753143,male,,2.008594,2010.0
779,YEM,12030.0351872,female,,2.008594,2010.0
780,CAN,13808.8804209,male,0.812485432824,2.008594,1990.0
781,CAN,14041.0806111,female,0.812485432824,2.008594,1990.0
782,CAN,16092.3764515,male,1.19258643023,2.008594,2005.0
783,CAN,16323.3593619,female,1.19258643023,2.008594,2005.0
784,CAN,16665.3468077,male,,2.008594,2010.0
785,CAN,16838.7139778,female,,2.008594,2010.0
786,USA,122815.419452,male,1.00568292801,2.008594,1990.0
787,USA,129031.637219,female,1.00568292801,2.008594,1990.0
788,USA,146813.709149,male,1.53658279526,2.008594,2005.0
789,USA,150817.022083,female,1.53658279526,2.008594,2005.0
790,USA,152019.267698,male,,2.008594,2010.0
791,USA,155341.876578,female,,2.008594,2010.0
792,FJI,373.645774696,male,-0.386765172924,2.008594,1990.0
793,FJI,362.115310111,female,-0.386765172924,2.008594,1990.0
794,FJI,423.831145513,male,-0.333810949188,2.008594,2005.0
795,FJI,407.865934329,female,-0.333810949188,2.008594,2005.0
796,FJI,442.105600176,male,,2.008594,2010.0
797,FJI,424.881827129,female,,2.008594,2010.0
798,FSM,49.4503772177,male,-0.400194317207,2.008594,1990.0
799,FSM,47.3510655728,female,-0.400194317207,2.008594,1990.0
800,FSM,56.2362807281,male,-0.376679023187,2.008594,2005.0
801,FSM,54.5099881683,female,-0.376679023187,2.008594,2005.0
802,FSM,57.1828889531,male,,2.008594,2010.0
803,FSM,54.9963717014,female,,2.008594,2010.0
804,KIR,36.2920315308,male,-0.408299211589,2.008594,1990.0
805,KIR,33.973172259,female,-0.408299211589,2.008594,1990.0
806,KIR,44.9253846348,male,-0.377095415036,2.008594,2005.0
807,KIR,43.3695026721,female,-0.377095415036,2.008594,2005.0
808,KIR,48.2455113614,male,,2.008594,2010.0
809,KIR,46.6774658074,female,,2.008594,2010.0
810,MHL,24.5292563844,male,-0.21304815815,2.008594,1990.0
811,MHL,23.0127307883,female,-0.21304815815,2.008594,1990.0
812,MHL,30.0198209054,male,-0.245278499754,2.008594,2005.0
813,MHL,28.9882042561,female,-0.245278499754,2.008594,2005.0
814,MHL,32.6903797613,male,,2.008594,2010.0
815,MHL,31.6476572346,female,,2.008594,2010.0
816,PNG,2142.11641944,male,-0.454835643157,2.008594,1990.0
817,PNG,2045.2114126,female,-0.454835643157,2.008594,1990.0
818,PNG,3122.34013424,male,-0.448385860861,2.008594,2005.0
819,PNG,3003.42836122,female,-0.448385860861,2.008594,2005.0
820,PNG,3507.67123998,male,,2.008594,2010.0
821,PNG,3372.99145762,female,,2.008594,2010.0
822,SLB,163.659187887,male,-0.435772594922,2.008594,1990.0
823,SLB,152.399467987,female,-0.435772594922,2.008594,1990.0
824,SLB,245.33020023,male,-0.446956292194,2.008594,2005.0
825,SLB,228.914874567,female,-0.446956292194,2.008594,2005.0
826,SLB,280.231058187,male,,2.008594,2010.0
827,SLB,261.826650897,female,,2.008594,2010.0
828,TON,49.0173316052,male,-0.318215630995,2.008594,1990.0
829,TON,47.8348515329,female,-0.318215630995,2.008594,1990.0
830,TON,50.8828849215,male,-0.256946990533,2.008594,2005.0
831,TON,50.8085436247,female,-0.256946990533,2.008594,2005.0
832,TON,52.4042533882,male,,2.008594,2010.0
833,TON,52.3989263986,female,,2.008594,2010.0
834,VUT,76.1792881161,male,-0.34495558209,2.008594,1990.0
835,VUT,71.9906489383,female,-0.34495558209,2.008594,1990.0
836,VUT,108.331235027,male,-0.332958919397,2.008594,2005.0
837,VUT,103.885543975,female,-0.332958919397,2.008594,2005.0
838,VUT,122.608475624,male,,2.008594,2010.0
839,VUT,118.011464982,female,,2.008594,2010.0
840,WSM,86.3509687397,male,-0.369258717578,2.008594,1990.0
841,WSM,78.2211142685,female,-0.369258717578,2.008594,1990.0
842,WSM,94.3216817515,male,-0.309373039025,2.008594,2005.0
843,WSM,87.8286688431,female,-0.309373039025,2.008594,2005.0
844,WSM,95.2886135943,male,,2.008594,2010.0
845,WSM,89.2349519385,female,,2.008594,2010.0
846,AGO,5164.47657537,male,-0.401587162246,2.008594,1990.0
847,AGO,5317.36855134,female,-0.401587162246,2.008594,1990.0
848,AGO,8207.19992014,male,-0.400218036718,2.008594,2005.0
849,AGO,8395.34968236,female,-0.400218036718,2.008594,2005.0
850,AGO,9539.08048222,male,,2.008594,2010.0
851,AGO,9720.43599805,female,,2.008594,2010.0
852,CAF,1453.97812482,male,-0.504577152801,2.008594,1990.0
853,CAF,1504.03987823,female,-0.504577152801,2.008594,1990.0
854,CAF,1994.18862433,male,-0.515060250631,2.008594,2005.0
855,CAF,2055.30083303,female,-0.515060250631,2.008594,2005.0
856,CAF,2185.56285333,male,,2.008594,2010.0
857,CAF,2247.73341769,female,,2.008594,2010.0
858,COD,18237.7566915,male,-0.514525302842,2.008594,1990.0
859,COD,18698.7286608,female,-0.514525302842,2.008594,1990.0
860,COD,29018.1781868,male,-0.536937135056,2.008594,2005.0
861,COD,29341.0539263,female,-0.536937135056,2.008594,2005.0
862,COD,33344.8024857,male,,2.008594,2010.0
863,COD,33657.0434245,female,,2.008594,2010.0
864,COG,1199.05355805,male,-0.386668526322,2.008594,1990.0
865,COG,1207.43185238,female,-0.386668526322,2.008594,1990.0
866,COG,1779.24209886,male,-0.395273090921,2.008594,2005.0
867,COG,1778.91266021,female,-0.395273090921,2.008594,2005.0
868,COG,2036.32431797,male,,2.008594,2010.0
869,COG,2032.88286228,female,,2.008594,2010.0
870,GAB,464.083444066,male,0.148955008657,2.008594,1990.0
871,GAB,473.937032202,female,0.148955008657,2.008594,1990.0
872,GAB,688.284507463,male,0.104237489039,2.008594,2005.0
873,GAB,689.234273011,female,0.104237489039,2.008594,2005.0
874,GAB,758.698963134,male,,2.008594,2010.0
875,GAB,755.159881531,female,,2.008594,2010.0
876,GNQ,193.075552072,male,-0.488240048524,2.008594,1990.0
877,GNQ,185.224281385,female,-0.488240048524,2.008594,1990.0
878,GNQ,313.265418304,male,0.0601883810713,2.008594,2005.0
879,GNQ,297.789226481,female,0.0601883810713,2.008594,2005.0
880,GNQ,359.824584519,male,,2.008594,2010.0
881,GNQ,342.454100272,female,,2.008594,2010.0
882,BDI,2765.4611446,male,-0.525676338971,2.008594,1990.0
883,BDI,2900.17787966,female,-0.525676338971,2.008594,1990.0
884,BDI,3578.89592873,male,-0.530890438794,2.008594,2005.0
885,BDI,3744.0587383,female,-0.530890438794,2.008594,2005.0
886,BDI,4157.97740245,male,,2.008594,2010.0
887,BDI,4306.46852828,female,,2.008594,2010.0
888,COM,221.098867432,male,-0.482969219538,2.008594,1990.0
889,COM,220.390977346,female,-0.482969219538,2.008594,1990.0
890,COM,327.059968363,male,-0.49403499547,2.008594,2005.0
891,COM,323.49467271,female,-0.49403499547,2.008594,2005.0
892,COM,373.710652785,male,,2.008594,2010.0
893,COM,368.479426821,female,,2.008594,2010.0
894,DJI,280.963752193,male,-0.378470106326,2.008594,1990.0
895,DJI,282.148701372,female,-0.378470106326,2.008594,1990.0
896,DJI,408.139774503,male,-0.448496811993,2.008594,2005.0
897,DJI,408.00099078,female,-0.448496811993,2.008594,2005.0
898,DJI,449.101917599,male,,2.008594,2010.0
899,DJI,448.438466005,female,,2.008594,2010.0
900,ERI,1558.92086463,male,-0.524334131967,2.008594,1990.0
901,ERI,1618.91627682,female,-0.524334131967,2.008594,1990.0
902,ERI,2211.80906898,male,-0.509004123783,2.008594,2005.0
903,ERI,2297.88578935,female,-0.509004123783,2.008594,2005.0
904,ERI,2596.08857053,male,,2.008594,2010.0
905,ERI,2678.76628261,female,,2.008594,2010.0
906,ETH,24164.3087905,male,-0.523012351831,2.008594,1990.0
907,ETH,24555.3776333,female,-0.523012351831,2.008594,1990.0
908,ETH,37159.2299685,male,-0.522001110025,2.008594,2005.0
909,ETH,37554.9655175,female,-0.522001110025,2.008594,2005.0
910,ETH,41521.5846395,male,,2.008594,2010.0
911,ETH,41923.2519986,female,,2.008594,2010.0
912,KEN,11725.9715396,male,-0.482502787845,2.008594,1990.0
913,KEN,11803.859983,female,-0.482502787845,2.008594,1990.0
914,KEN,17943.2063777,male,-0.483574535209,2.008594,2005.0
915,KEN,17979.9770284,female,-0.483574535209,2.008594,2005.0
916,KEN,20436.8359654,male,,2.008594,2010.0
917,KEN,20469.2017844,female,,2.008594,2010.0
918,MDG,5711.77456147,male,-0.498376123671,2.008594,1990.0
919,MDG,5697.00124181,female,-0.498376123671,2.008594,1990.0
920,MDG,8969.87678172,male,-0.507179339172,2.008594,2005.0
921,MDG,9030.9101166,female,-0.507179339172,2.008594,2005.0
922,MDG,10381.3918189,male,,2.008594,2010.0
923,MDG,10450.6663255,female,,2.008594,2010.0
924,MOZ,6555.93466984,male,-0.531117215002,2.008594,1990.0
925,MOZ,7145.5399671,female,-0.531117215002,2.008594,1990.0
926,MOZ,10094.7307248,male,-0.51995934911,2.008594,2005.0
927,MOZ,10773.7372679,female,-0.51995934911,2.008594,2005.0
928,MOZ,11445.7053884,male,,2.008594,2010.0
929,MOZ,12069.4587627,female,,2.008594,2010.0
930,MWI,4656.05541236,male,-0.517685901632,2.008594,1990.0
931,MWI,4820.78015966,female,-0.517685901632,2.008594,1990.0
932,MWI,6482.05142952,male,-0.518344581,2.008594,2005.0
933,MWI,6525.58269152,female,-0.518344581,2.008594,2005.0
934,MWI,7554.34629075,male,,2.008594,2010.0
935,MWI,7550.66680345,female,,2.008594,2010.0
936,RWA,3499.62167907,male,-0.509581943547,2.008594,1990.0
937,RWA,3601.47381839,female,-0.509581943547,2.008594,1990.0
938,RWA,4547.54132263,male,-0.510924764346,2.008594,2005.0
939,RWA,4739.14765481,female,-0.510924764346,2.008594,2005.0
940,RWA,5288.5597815,male,,2.008594,2010.0
941,RWA,5480.87109875,female,,2.008594,2010.0
942,SDN,13516.1947189,male,-0.491601508917,2.008594,1990.0
943,SDN,13376.8456091,female,-0.491601508917,2.008594,1990.0
944,SDN,19515.6686641,male,-0.46851727539,2.008594,2005.0
945,SDN,19229.9763575,female,-0.46851727539,2.008594,2005.0
946,SDN,22107.2815287,male,,2.008594,2010.0
947,SDN,21767.7425887,female,,2.008594,2010.0
948,SOM,3332.3160939,male,-0.504977331116,2.008594,1990.0
949,SOM,3399.37068909,female,-0.504977331116,2.008594,1990.0
950,SOM,4217.49542311,male,-0.517622571579,2.008594,2005.0
951,SOM,4287.42598401,female,-0.517622571579,2.008594,2005.0
952,SOM,4722.94516504,male,,2.008594,2010.0
953,SOM,4792.291719,female,,2.008594,2010.0
954,TZA,12728.6652067,male,-0.510568061397,2.008594,1990.0
955,TZA,12956.0731364,female,-0.510568061397,2.008594,1990.0
956,TZA,19553.4206129,male,-0.50290638896,2.008594,2005.0
957,TZA,19669.1821704,female,-0.50290638896,2.008594,2005.0
958,TZA,22610.1312689,male,,2.008594,2010.0
959,TZA,22643.2487078,female,,2.008594,2010.0
960,UGA,8893.56853855,male,-0.521937473075,2.008594,1990.0
961,UGA,8982.09826308,female,-0.521937473075,2.008594,1990.0
962,UGA,14336.9405507,male,-0.505974632507,2.008594,2005.0
963,UGA,14432.1537928,female,-0.505974632507,2.008594,2005.0
964,UGA,16886.323502,male,,2.008594,2010.0
965,UGA,16910.1169169,female,,2.008594,2010.0
966,ZMB,3939.43011665,male,-0.478431926823,2.008594,1990.0
967,ZMB,3979.77733512,female,-0.478431926823,2.008594,1990.0
968,ZMB,5816.40389732,male,-0.496557690271,2.008594,2005.0
969,ZMB,5804.5943261,female,-0.496557690271,2.008594,2005.0
970,ZMB,6668.90722435,male,,2.008594,2010.0
971,ZMB,6631.47154757,female,,2.008594,2010.0
972,BWA,686.420249197,male,-0.26369774013,2.008594,1990.0
973,BWA,703.108672088,female,-0.26369774013,2.008594,1990.0
974,BWA,945.501439621,male,-0.0205640688582,2.008594,2005.0
975,BWA,941.567642782,female,-0.0205640688582,2.008594,2005.0
976,BWA,1015.21028274,male,,2.008594,2010.0
977,BWA,999.210574252,female,,2.008594,2010.0
978,LSO,783.14882473,male,-0.507661869964,2.008594,1990.0
979,LSO,870.453322254,female,-0.507661869964,2.008594,1990.0
980,LSO,1011.88425868,male,-0.491827988631,2.008594,2005.0
981,LSO,1069.78157543,female,-0.491827988631,2.008594,2005.0
982,LSO,1073.26458585,male,,2.008594,2010.0
983,LSO,1110.56212346,female,,2.008594,2010.0
984,NAM,697.727119202,male,-0.33156456588,2.008594,1990.0
985,NAM,727.878250952,female,-0.33156456588,2.008594,1990.0
986,NAM,1033.94849278,male,-0.303361443478,2.008594,2005.0
987,NAM,1055.60143362,female,-0.303361443478,2.008594,2005.0
988,NAM,1136.69674646,male,,2.008594,2010.0
989,NAM,1152.48382742,female,,2.008594,2010.0
990,SWZ,410.030858633,male,-0.393629318428,2.008594,1990.0
991,SWZ,458.592584562,female,-0.393629318428,2.008594,1990.0
992,SWZ,543.151170705,male,-0.343749996347,2.008594,2005.0
993,SWZ,568.144911313,female,-0.343749996347,2.008594,2005.0
994,SWZ,586.050929515,male,,2.008594,2010.0
995,SWZ,606.248387762,female,,2.008594,2010.0
996,ZAF,18280.3103527,male,-0.177107429666,2.008594,1990.0
997,ZAF,18657.250614,female,-0.177107429666,2.008594,1990.0
998,ZAF,23723.2873778,male,-0.165203980488,2.008594,2005.0
999,ZAF,24366.3208685,female,-0.165203980488,2.008594,2005.0
1000,ZAF,24966.0464707,male,,2.008594,2010.0
1001,ZAF,25458.9482941,female,,2.008594,2010.0
1002,ZWE,5242.39170093,male,-0.518932601194,2.008594,1990.0
1003,ZWE,5286.93926456,female,-0.518932601194,2.008594,1990.0
1004,ZWE,6285.17387347,male,-0.522187505846,2.008594,2005.0
1005,ZWE,6404.08876549,female,-0.522187505846,2.008594,2005.0
1006,ZWE,6251.12964898,male,,2.008594,2010.0
1007,ZWE,6430.3412995,female,,2.008594,2010.0
1008,BEN,2316.44395311,male,-0.492259309207,2.008594,1990.0
1009,BEN,2511.18044909,female,-0.492259309207,2.008594,1990.0
1010,BEN,3782.94850302,male,-0.485132012378,2.008594,2005.0
1011,BEN,3927.50660324,female,-0.485132012378,2.008594,2005.0
1012,BEN,4408.56321723,male,,2.008594,2010.0
1013,BEN,4526.61605191,female,,2.008594,2010.0
1014,BFA,4602.02628052,male,-0.512580141714,2.008594,1990.0
1015,BFA,4796.31833036,female,-0.512580141714,2.008594,1990.0
1016,BFA,7075.4052215,male,-0.501009161011,2.008594,2005.0
1017,BFA,7238.57143653,female,-0.501009161011,2.008594,2005.0
1018,BFA,8225.63191002,male,,2.008594,2010.0
1019,BFA,8359.28254676,female,,2.008594,2010.0
1020,CIV,6525.32974499,male,-0.451170822707,2.008594,1990.0
1021,CIV,6044.11444102,female,-0.451170822707,2.008594,1990.0
1022,CIV,9289.84444658,male,-0.466885414668,2.008594,2005.0
1023,CIV,8852.88609265,female,-0.466885414668,2.008594,2005.0
1024,CIV,10130.136355,male,,2.008594,2010.0
1025,CIV,9749.6196912,female,,2.008594,2010.0
1026,CMR,6099.12047413,male,-0.423252126367,2.008594,1990.0
1027,CMR,6181.91437091,female,-0.423252126367,2.008594,1990.0
1028,CMR,8840.0801176,male,-0.45333267925,2.008594,2005.0
1029,CMR,8893.40972821,female,-0.45333267925,2.008594,2005.0
1030,CMR,9883.54081011,male,,2.008594,2010.0
1031,CMR,9915.31017791,female,,2.008594,2010.0
1032,CPV,169.094356005,male,-0.47254054134,2.008594,1990.0
1033,CPV,184.506310314,female,-0.47254054134,2.008594,1990.0
1034,CPV,233.503559882,male,-0.422025786052,2.008594,2005.0
1035,CPV,243.23922107,female,-0.422025786052,2.008594,2005.0
1036,CPV,247.754850992,male,,2.008594,2010.0
1037,CPV,252.825278155,female,,2.008594,2010.0
1038,GHA,7556.59020975,male,-0.505249710163,2.008594,1990.0
1039,GHA,7345.41120893,female,-0.505249710163,2.008594,1990.0
1040,GHA,11063.592611,male,-0.49407671268,2.008594,2005.0
1041,GHA,10707.1764016,female,-0.49407671268,2.008594,2005.0
1042,GHA,12466.4733117,male,,2.008594,2010.0
1043,GHA,12049.9720991,female,,2.008594,2010.0
1044,GIN,2932.29574295,male,-0.507174366398,2.008594,1990.0
1045,GIN,2885.24959574,female,-0.507174366398,2.008594,1990.0
1046,GIN,4624.85796494,male,-0.501228758946,2.008594,2005.0
1047,GIN,4528.48010005,female,-0.501228758946,2.008594,2005.0
1048,GIN,5094.64082662,male,,2.008594,2010.0
1049,GIN,4983.94551655,female,,2.008594,2010.0
1050,GMB,488.602558263,male,-0.489054782507,2.008594,1990.0
1051,GMB,484.134670388,female,-0.489054782507,2.008594,1990.0
1052,GMB,750.082318971,male,-0.488864402223,2.008594,2005.0
1053,GMB,766.151470585,female,-0.488864402223,2.008594,2005.0
1054,GMB,860.914137542,male,,2.008594,2010.0
1055,GMB,881.748011841,female,,2.008594,2010.0
1056,GNB,509.921906064,male,-0.501760159212,2.008594,1990.0
1057,GNB,520.747487986,female,-0.501760159212,2.008594,1990.0
1058,GNB,685.311929642,male,-0.50538338209,2.008594,2005.0
1059,GNB,697.384756179,female,-0.50538338209,2.008594,2005.0
1060,GNB,758.787588648,male,,2.008594,2010.0
1061,GNB,771.327334025,female,,2.008594,2010.0
1062,LBR,1084.83608771,male,-0.495123960287,2.008594,1990.0
1063,LBR,1088.8826015,female,-0.495123960287,2.008594,1990.0
1064,LBR,1615.54267683,male,-0.52943273962,2.008594,2005.0
1065,LBR,1609.46850008,female,-0.52943273962,2.008594,2005.0
1066,LBR,2008.81548679,male,,2.008594,2010.0
1067,LBR,1990.37383449,female,,2.008594,2010.0
1068,MLI,4321.93768601,male,-0.514759585026,2.008594,1990.0
1069,MLI,4446.43798086,female,-0.514759585026,2.008594,1990.0
1070,MLI,6629.69276508,male,-0.503964866923,2.008594,2005.0
1071,MLI,6696.07335467,female,-0.503964866923,2.008594,2005.0
1072,MLI,7762.11050472,male,,2.008594,2010.0
1073,MLI,7781.69897995,female,,2.008594,2010.0
1074,MRT,1003.04045577,male,-0.472321916114,2.008594,1990.0
1075,MRT,1012.93871682,female,-0.472321916114,2.008594,1990.0
1076,MRT,1541.50423861,male,-0.470765791373,2.008594,2005.0
1077,MRT,1531.77309662,female,-0.470765791373,2.008594,2005.0
1078,MRT,1754.13655262,male,,2.008594,2010.0
1079,MRT,1736.83260978,female,,2.008594,2010.0
1080,NER,3900.76596692,male,-0.51437917297,2.008594,1990.0
1081,NER,4008.27005555,female,-0.51437917297,2.008594,1990.0
1082,NER,6594.7954834,male,-0.519864975627,2.008594,2005.0
1083,NER,6551.79806131,female,-0.519864975627,2.008594,2005.0
1084,NER,7869.03835932,male,,2.008594,2010.0
1085,NER,7785.49883705,female,,2.008594,2010.0
1086,NGA,49512.3152054,male,-0.484551300498,2.008594,1990.0
1087,NGA,48873.00499,female,-0.484551300498,2.008594,1990.0
1088,NGA,71309.1918726,male,-0.471276489083,2.008594,2005.0
1089,NGA,69783.7368494,female,-0.471276489083,2.008594,2005.0
1090,NGA,80886.1438889,male,,2.008594,2010.0
1091,NGA,78924.3873184,female,,2.008594,2010.0
1092,SEN,3648.99439891,male,-0.480193204524,2.008594,1990.0
1093,SEN,3653.03846979,female,-0.480193204524,2.008594,1990.0
1094,SEN,5436.8935427,male,-0.474513682127,2.008594,2005.0
1095,SEN,5517.75957558,female,-0.474513682127,2.008594,2005.0
1096,SEN,6207.39965075,male,,2.008594,2010.0
1097,SEN,6308.67806122,female,,2.008594,2010.0
1098,SLE,1963.80599434,male,-0.49997317497,2.008594,1990.0
1099,SLE,2043.74267853,female,-0.49997317497,2.008594,1990.0
1100,SLE,2524.21085674,male,-0.519133395175,2.008594,2005.0
1101,SLE,2648.75724943,female,-0.519133395175,2.008594,2005.0
1102,SLE,2893.11290125,male,,2.008594,2010.0
1103,SLE,3018.47324043,female,,2.008594,2010.0
1104,STP,58.2402604231,male,-0.486491983007,2.008594,1990.0
1105,STP,59.1969834578,female,-0.486491983007,2.008594,1990.0
1106,STP,76.5060709172,male,-0.485722971502,2.008594,2005.0
1107,STP,77.9197990757,female,-0.485722971502,2.008594,2005.0
1108,STP,82.8899864283,male,,2.008594,2010.0
1109,STP,84.4641271406,female,,2.008594,2010.0
1110,TCD,2998.87434805,male,-0.506438447772,2.008594,1990.0
1111,TCD,3071.10185961,female,-0.506438447772,2.008594,1990.0
1112,TCD,4924.88106549,male,-0.49400685456,2.008594,2005.0
1113,TCD,4988.84277163,female,-0.49400685456,2.008594,2005.0
1114,TCD,5671.2297893,male,,2.008594,2010.0
1115,TCD,5729.60154263,female,,2.008594,2010.0
1116,TGO,1824.76081429,male,-0.500253595764,2.008594,1990.0
1117,TGO,1867.02606854,female,-0.500253595764,2.008594,1990.0
1118,TGO,2690.71433121,male,-0.508602052069,2.008594,2005.0
1119,TGO,2744.39941509,female,-0.508602052069,2.008594,2005.0
1120,TGO,3002.13673686,male,,2.008594,2010.0
1121,TGO,3059.04899328,female,,2.008594,2010.0
